{
    "sub": 1,
    "ChannelName": "Fp1 AF7 AF3 F1 F3 F5 F7 FT7 FC5 FC3 FC1 C1 C3 C5 T7(T3) TP7 CP5 CP3 CP1 P1 P3 P5 P7 P9 PO7 PO3 O1 Iz Oz POz Pz CPz Fpz Fp2 AF8 AF4 Afz Fz F2 F4 F6 F8 FT8 FC6 FC4 FC2 FCz Cz C2 C4 C6 T8 TP8 CP6 CP4 CP2 P2 P4 P6 P8 P10 PO8 PO4 O2",
    "Inclination": [-92,-92,-74,-50,-60,-75,-92,-92,-72,-50,-32,-23,-46,-69,-92,-92,-72,-50,-32,-50,-60,-75,-92,-115,-92,-74,-92,115,92,69,46,23,92,92,92,74,69,46,50,60,75,92,92,72,50,32,23,0,23,46,69,92,92,72,50,32,50,60,75,92,115,92,74,92],
    "Azimuth": [-72,-54,-65,-68,-51,-41,-36,-18,-21,-28,-45,0,0,0,0,18,21,28,45,68,51,41,36,36,54,65,72,-90,-90,-90,-90,-90,90,72,54,65,90,90,68,51,41,36,18,21,28,45,90,0,0,0,0,0,-18,-21,-28,-45,-68,-51,-41,-36,-36,-54,-65,-72],
    "x": [-83.20022999468621,-70.77434290005547,-76.26059525939871,-62.17312107590135,-58.91366875058118,-55.47145242733308,-51.42057000852456,-27.03339345638139,-29.83447017802514,-31.48082461856252,-32.80028009224251,0,0,0,0,27.03339345638139,29.83447017802514,31.48082461856252,32.80028009224251,62.17312107590135,58.91366875058118,55.47145242733308,51.42057000852456,46.63126952204713,70.77434290005547,76.26059525939871,83.20022999468621,79.33385422682247,87.48189888734817,81.72117080325678,62.9675698210793,34.20273645756102,-87.48189888734817,-83.20022999468621,-70.77434290005547,-76.26059525939871,-81.72117080325678,-62.9675698210793,-62.17312107590135,-58.91366875058118,-55.47145242733308,-51.42057000852456,-27.03339345638139,-29.83447017802514,-31.48082461856252,-32.80028009224251,-34.20273645756102,0,0,0,0,0,27.03339345638139,29.83447017802514,31.48082461856252,32.80028009224251,62.17312107590135,58.91366875058118,55.47145242733308,51.42057000852456,46.63126952204713,70.77434290005547,76.26059525939871,83.20022999468621],
    "y": [-27.03339345638139,-51.42057000852456,-35.56089958491641,-25.11957145668866,-47.70734829116029,-63.81260637506716,-70.77434290005547,-83.20022999468621,-77.72145201170662,-59.20682001105688,-32.80028009224252,-34.20273645756102,-62.9675698210793,-81.72117080325678,-87.48189888734817,-83.20022999468621,-77.72145201170662,-59.20682001105688,-32.80028009224252,-25.11957145668866,-47.70734829116029,-63.81260637506716,-70.77434290005547,-64.18243629876413,-51.42057000852456,-35.56089958491641,-27.03339345638139,4.857797532145043e-15,5.356721372786167e-15,5.003978512339128e-15,3.855651641573612e-15,2.09431358624163e-15,5.356721372786167e-15,27.03339345638139,51.42057000852456,35.56089958491641,5.003978512339128e-15,3.855651641573612e-15,25.11957145668866,47.70734829116029,63.81260637506716,70.77434290005547,83.20022999468621,77.72145201170662,59.20682001105688,32.80028009224252,2.09431358624163e-15,0,34.20273645756102,62.9675698210793,81.72117080325678,87.48189888734817,83.20022999468621,77.72145201170662,59.20682001105688,32.80028009224252,25.11957145668866,47.70734829116029,63.81260637506716,70.77434290005547,64.18243629876413,51.42057000852456,35.56089958491641,27.03339345638139],
    "z": [-3.054935225745466,-3.054935225745466,24.12797740307655,56.26655674273424,43.76761149003253,22.65578282453667,-3.054935225745466,-3.054935225745466,27.04987150724053,56.26655674273424,74.23407919487239,80.57659760119147,60.80707535309696,31.36981837235657,-3.054935225745466,-3.054935225745466,27.04987150724053,56.26655674273424,74.23407919487239,56.26655674273424,43.76761149003253,22.65578282453667,-3.054935225745466,-36.99398377691961,-3.054935225745466,24.12797740307655,-3.054935225745466,-36.99398377691961,-3.054935225745466,31.36981837235657,60.80707535309696,80.57659760119147,-3.054935225745466,-3.054935225745466,-3.054935225745466,24.12797740307655,31.36981837235657,60.80707535309696,56.26655674273424,43.76761149003253,22.65578282453667,-3.054935225745466,-3.054935225745466,27.04987150724053,56.26655674273424,74.23407919487239,80.57659760119147,87.53522298006504,80.57659760119147,60.80707535309696,31.36981837235657,-3.054935225745466,-3.054935225745466,27.04987150724053,56.26655674273424,74.23407919487239,56.26655674273424,43.76761149003253,22.65578282453667,-3.054935225745466,-36.99398377691961,-3.054935225745466,24.12797740307655,-3.054935225745466]
}